<?xml version="1.0" encoding="UTF-8" standalone="no"?>
<!DOCTYPE Plugin PUBLIC "sailpoint.dtd" "sailpoint.dtd">
<Plugin displayName="occuserutils" minSystemVersion="8.2" name="occuserutils" rightRequired="occuserutilsRight" version="1.0.6">
      
    <Attributes>
            
        <Map>
                  
            <entry key="minUpgradableVersion" value="1.0"/>
                  
            <entry key="fullPage">
                        
                <value>
                              
                    <FullPage title="UserUtils"/>
                            
                </value>
                      
            </entry>
                  
            <entry key="restResources">
                        
                <value>
                              
                    <List>
                                    
                        <String>sailpoint.plugin.occuserutils.rest.UserutilsResource</String>
                                  
                    </List>
                            
                </value>
                      
            </entry>
                
        </Map>
          
    </Attributes>
    
</Plugin>
